BoatName,BoatID,Trip,Day,Kg,Duration,Lines,Temperature,Latitude,Longitude
Mason,111,2020-1,2020-01-12,11492,12,60,14.5,-45.1,-62.0
Mason,111,2020-1,2020-01-13,10582,12,60,14.5,-45.0333333333333,-62.1
Mason,111,2020-1,2020-01-18,21164,12,60,13.5,-44.8333333333333,-63.8166666666667
Mason,111,2020-1,2020-01-19,18980,12,60,14.0,-44.8333333333333,-63.8333333333333
Mason,111,2020-1,2020-01-20,16796,12,60,13.7,-44.866666666666696,-63.8166666666667
Mason,111,2020-1,2020-01-21,13026,12,60,13.7,-44.883333333333304,-63.85
Mason,111,2020-1,2020-01-22,3094,12,60,14.3,-44.9333333333333,-64.2166666666667
Mason,111,2020-1,2020-01-23,22100,12,60,14.3,-45.133333333333304,-62.4833333333333
Mason,111,2020-1,2020-01-24,16796,12,60,12.7,-45.3,-63.5
Mason,111,2020-1,2020-01-25,16796,12,60,14.8,-45.45,-62.45
Mason,111,2020-1,2020-01-26,18356,12,60,14.0,-45.9,-62.366666666666696
Mason,111,2020-1,2020-01-27,8294,12,60,14.4,-45.8333333333333,-62.3166666666667
Mason,111,2020-1,2020-01-28,6188,12,60,14.7,-45.116666666666696,-62.2666666666667
Mason,111,2020-1,2020-01-29,22750,12,60,14.5,-45.0,-61.9833333333333
Mason,111,2020-2,2020-02-02,5746,12,60,15.4,-44.866666666666696,-61.8166666666667
Mason,111,2020-2,2020-02-03,19188,12,60,14.8,-45.7,-62.4833333333333
Mason,111,2020-2,2020-02-04,18850,12,60,15.1,-45.7333333333333,-62.5333333333333
Mason,111,2020-2,2020-02-05,11622,12,60,15.2,-45.7333333333333,-62.5166666666667
Mason,111,2020-2,2020-02-06,18850,12,60,15.5,-45.5666666666667,-62.383333333333304
Mason,111,2020-2,2020-02-07,18902,12,60,15.1,-45.55,-62.4166666666667
Mason,111,2020-2,2020-02-08,16094,12,60,15.1,-45.5166666666667,-62.45
Mason,111,2020-2,2020-02-09,21112,12,60,15.4,-45.4666666666667,-62.4166666666667
Mason,111,2020-2,2020-02-10,16692,12,60,15.4,-45.4666666666667,-62.383333333333304
Mason,111,2020-2,2020-02-11,17602,12,60,15.8,-45.4666666666667,-62.4333333333333
Mason,111,2020-2,2020-02-12,12090,12,60,15.7,-45.4833333333333,-62.4
Mason,111,2020-2,2020-02-13,16744,12,60,15.9,-45.4666666666667,-62.4333333333333
Mason,111,2020-2,2020-02-14,11544,12,60,15.8,-45.7,-62.5
Mason,111,2020-2,2020-02-15,13676,12,60,16.0,-45.7166666666667,-62.8
Mason,111,2020-3,2020-02-19,20540,12,60,16.4,-45.1833333333333,-63.05
Mason,111,2020-3,2020-02-22,15730,12,60,15.4,-45.1666666666667,-63.0333333333333
Mason,111,2020-3,2020-02-23,16588,12,60,15.1,-45.4833333333333,-63.2333333333333
Mason,111,2020-3,2020-02-24,16796,12,60,15.5,-45.4,-63.2333333333333
Mason,111,2020-3,2020-02-25,7592,12,60,14.9,-45.3166666666667,-63.2333333333333
Mason,111,2020-3,2020-02-26,7956,12,60,14.8,-45.2166666666667,-63.2
Mason,111,2020-3,2020-02-27,6084,12,60,16.1,-45.0833333333333,-63.866666666666696
Mason,111,2020-3,2020-02-28,624,12,60,16.1,-48.3,-63.0166666666667
Mason,111,2020-3,2020-02-29,4082,12,60,15.3,-45.9166666666667,-63.1
Mason,111,2020-3,2020-03-01,2262,12,60,15.5,-45.9833333333333,-63.116666666666696
Mason,111,2020-3,2020-03-02,13702,12,60,16.0,-45.45,-63.25
Mason,111,2020-4,2020-03-05,468,12,60,17.5,-44.4333333333333,-63.8
Mason,111,2020-4,2020-03-06,2080,12,60,15.9,-45.4333333333333,-63.25
Mason,111,2020-4,2020-03-09,156,12,60,16.4,-45.0833333333333,-64.0333333333333
Mason,111,2020-4,2020-03-10,1170,12,60,15.9,-45.9833333333333,-63.133333333333304
Mason,111,2020-4,2020-03-11,494,12,60,16.4,-44.8333333333333,-63.1666666666667
Mason,111,2020-4,2020-03-12,702,12,60,13.3,-47.0,-61.616666666666696
Mason,111,2020-4,2020-03-13,1378,12,60,11.7,-47.9833333333333,-61.0166666666667
Mason,111,2020-4,2020-03-14,8034,12,60,11.8,-48.2,-61.0
Mason,111,2020-4,2020-03-15,4680,12,60,11.8,-47.95,-61.0333333333333
Mason,111,2020-4,2020-03-16,2886,12,60,11.8,-48.3166666666667,-60.85
Mason,111,2020-4,2020-03-20,5668,12,60,11.4,-47.6666666666667,-60.866666666666696
Mason,111,2020-4,2020-03-21,9880,12,60,12.5,-47.6,-60.85
Mason,111,2020-4,2020-03-22,4680,12,60,12.1,-47.616666666666696,-60.866666666666696
Mason,111,2020-4,2020-03-26,3484,12,60,11.7,-47.5666666666667,-60.8333333333333
Mason,111,2020-4,2020-03-28,1560,7,60,12.6,-44.6833333333333,-60.1
Mason,111,2020-4,2020-03-30,2522,12,60,12.8,-44.2,-59.9
Mason,111,2020-4,2020-03-31,23530,12,60,12.5,-44.5166666666667,-60.133333333333304
Mason,111,2020-4,2020-04-01,4680,12,60,13.1,-44.383333333333304,-59.883333333333304
Mason,111,2020-4,2020-04-03,23660,12,60,12.6,-42.433333333333294,-58.5666666666667
Mason,111,2020-4,2020-04-04,12012,12,60,13.8,-42.283333333333296,-58.4166666666667
Mason,111,2020-4,2020-04-05,25194,12,60,12.8,-41.8666666666667,-57.883333333333304
Mason,111,2020-4,2020-04-06,18850,12,60,13.5,-41.65,-57.8
Mason,111,2020-4,2020-04-07,20566,12,60,13.5,-41.466666666666704,-57.7166666666667
Mason,111,2020-4,2020-04-08,14274,12,60,10.9,-41.55,-57.7333333333333
Mason,111,2020-4,2020-04-09,22724,12,60,11.2,-41.7666666666667,-57.866666666666696
Mason,111,2020-5,2020-04-16,18980,12,60,12.5,-41.683333333333294,-57.6666666666667
Mason,111,2020-5,2020-04-17,23010,12,60,13.0,-41.45,-57.4833333333333
Mason,111,2020-5,2020-04-18,23010,12,60,12.7,-41.6166666666667,-57.616666666666696
Mason,111,2020-5,2020-04-19,27155,12,60,12.7,-41.45,-57.5166666666667
Mason,111,2020-5,2020-04-20,29146,12,60,13.4,-41.433333333333294,-57.4833333333333
Mason,111,2020-5,2020-04-21,27378,12,60,13.7,-41.2,-57.366666666666696
Mason,111,2020-5,2020-04-22,2704,12,60,13.7,-41.1166666666667,-57.35
Mason,111,2020-5,2020-04-23,16536,12,60,13.4,-41.5,-56.7
Mason,111,2020-5,2020-04-24,33176,12,60,13.5,-40.4,-56.6
Mason,111,2020-5,2020-04-25,11908,12,60,13.2,-40.4,-56.6
Mason,111,2020-5,2020-04-26,9100,12,60,13.0,-40.3666666666667,-56.616666666666696
Mason,111,2020-5,2020-04-27,21788,12,60,13.3,-40.2333333333333,-56.4666666666667
Mason,111,2020-5,2020-04-28,27378,12,60,13.1,-40.283333333333296,-56.4333333333333
Mason,111,2020-5,2020-05-02,4420,12,60,14.8,-39.9833333333333,-56.3333333333333
Mason,111,2020-5,2020-05-03,2184,12,60,11.2,-40.183333333333294,-56.4
Mason,111,2020-5,2020-05-04,19604,12,60,10.2,-40.25,-56.4833333333333
Mason,111,2020-5,2020-05-05,1248,12,60,10.4,-40.216666666666704,-56.4666666666667
Mason,111,2020-6,2020-05-12,28756,12,60,9.5,-42.3333333333333,-58.45
Mason,111,2020-6,2020-05-13,260,0,60,9.3,-42.2333333333333,-58.35
Mason,111,2020-6,2020-05-14,17108,0,60,10.7,-42.4,-58.6666666666667
Mason,111,2020-6,2020-05-15,468,0,60,10.7,-42.2333333333333,-58.4833333333333
Mason,111,2020-6,2020-05-20,1560,0,60,9.5,-42.566666666666706,-58.7
Mason,111,2020-6,2020-05-21,3484,0,60,8.9,-42.6166666666667,-58.75
Mason,111,2020-6,2020-05-25,208,0,60,9.0,-43.2333333333333,-59.2833333333333
Mason,111,2020-6,2020-05-28,208,0,60,12.7,-42.1166666666667,-60.05
Mason,111,2020-6,2020-05-29,14092,0,60,12.7,-42.566666666666706,-60.0833333333333
Mason,111,2020-6,2020-05-30,22490,0,60,11.9,-42.7,-60.0333333333333
Mason,111,2020-6,2020-05-31,22646,0,60,11.4,-42.716666666666704,-60.0166666666667
Mason,111,2020-6,2020-06-01,25922,0,60,11.0,-42.716666666666704,-59.9166666666667
Mason,111,2020-6,2020-06-02,7462,0,60,10.9,-42.75,-59.9166666666667
Mason,111,2020-7,2020-06-07,1014,12,60,11.0,-43.116666666666696,-60.3333333333333
Mason,111,2020-7,2020-06-08,884,12,60,11.6,-43.0,-60.5833333333333
Mason,111,2020-7,2020-06-09,16484,12,60,10.4,-43.1,-60.116666666666696
Mason,111,2020-7,2020-06-10,1248,12,60,10.4,-43.1,-60.1666666666667
Mason,111,2020-7,2020-06-11,8086,12,60,9.5,-43.0833333333333,-60.1
Mason,111,2020-7,2020-06-12,17498,12,60,10.5,-43.0833333333333,-60.3
Mason,111,2020-7,2020-06-14,3788,12,60,9.6,-42.8833333333333,-60.366666666666696
Mason,111,2020-7,2020-06-15,12740,12,60,10.0,-42.8,-60.383333333333304
Mason,111,2020-7,2020-06-16,13702,12,60,9.8,-42.816666666666706,-60.4333333333333
Mason,111,2020-7,2020-06-17,2366,12,60,10.5,-42.783333333333296,-60.4333333333333
Mason,111,2020-7,2020-06-18,26166,12,60,11.1,-41.9,-59.4833333333333
Mason,111,2020-7,2020-06-19,10686,12,60,11.2,-41.8833333333333,-59.55
Mason,111,2020-7,2020-06-20,18408,12,60,11.6,-41.9,-59.4333333333333
Mason,111,2020-7,2020-06-21,25386,12,60,11.3,-41.9833333333333,-59.35
Mason,111,2020-7,2020-06-22,21268,12,60,10.9,-41.95,-59.5
Mason,111,2020-7,2020-06-23,8554,12,60,11.0,-41.933333333333294,-59.4666666666667
Mason,111,2020-7,2020-06-24,2808,12,60,10.8,-42.05,-59.75
Mason,111,2020-7,2020-06-25,6916,12,60,9.7,-42.183333333333294,-59.4666666666667
Mason,111,2020-7,2020-06-26,7306,12,60,10.4,-41.9833333333333,-59.5
Rey,112,2020-1,2020-01-11,45190,12,108,13.9,-45.1833333333333,-62.3333333333333
Rey,112,2020-1,2020-01-12,30885,12,108,14.1,-46.1666666666667,-62.2833333333333
Rey,112,2020-1,2020-01-13,8081,12,108,14.5,-46.0,-62.1666666666667
Rey,112,2020-1,2020-01-14,7565,12,108,14.7,-44.9833333333333,-62.2166666666667
Rey,112,2020-1,2020-01-17,11070,12,108,13.5,-44.85,-62.2166666666667
Rey,112,2020-1,2020-01-18,24846,12,108,14.2,-45.2833333333333,-63.5166666666667
Rey,112,2020-1,2020-01-19,50676,12,108,14.8,-44.8,-63.8166666666667
Rey,112,2020-1,2020-01-20,44329,12,108,14.9,-44.85,-63.9666666666667
Rey,112,2020-1,2020-01-21,50196,12,108,15.4,-44.883333333333304,-63.9833333333333
Rey,112,2020-1,2020-01-22,6298,12,108,16.1,-44.85,-64.8333333333333
Rey,112,2020-1,2020-01-23,13173,12,108,15.8,-44.85,-63.4
Rey,112,2020-1,2020-01-25,32472,12,108,14.5,-45.7333333333333,-62.7
Rey,112,2020-1,2020-01-26,34871,12,108,14.1,-45.883333333333304,-62.7
Rey,112,2020-1,2020-01-27,13407,12,108,14.3,-45.7833333333333,-62.9
Rey,112,2020-1,2020-01-28,26039,12,108,14.7,-45.7666666666667,-64.1666666666667
Rey,112,2020-1,2020-01-29,12300,12,108,14.6,-45.55,-63.1833333333333
Rey,112,2020-1,2020-01-30,13530,12,108,14.5,-45.55,-63.25
Rey,112,2020-1,2020-01-24,14784,12,108,14.9,-45.2,-62.5
Rey,112,2020-2,2020-02-03,50184,12,108,14.4,-45.6666666666667,-62.7166666666667
Rey,112,2020-2,2020-02-04,50184,12,108,14.8,-45.6666666666667,-62.6833333333333
Rey,112,2020-2,2020-02-05,25092,12,108,15.1,-45.6666666666667,-62.616666666666696
Rey,112,2020-2,2020-02-06,21279,12,108,15.3,-45.4166666666667,-62.2833333333333
Rey,112,2020-2,2020-02-08,31365,12,108,15.3,-45.5166666666667,-63.116666666666696
Rey,112,2020-2,2020-02-09,56519,12,108,15.3,-45.5666666666667,-62.55
Rey,112,2020-2,2020-02-10,12239,12,108,15.3,-45.5833333333333,-62.7333333333333
Rey,112,2020-2,2020-02-11,20910,12,108,15.2,-45.75,-62.3333333333333
Rey,112,2020-2,2020-02-12,38868,12,108,15.6,-45.65,-62.6666666666667
Rey,112,2020-2,2020-02-13,24723,12,108,15.9,-45.5166666666667,-62.7333333333333
Rey,112,2020-2,2020-02-14,27306,12,108,15.3,-45.9833333333333,-62.633333333333304
Rey,112,2020-2,2020-02-15,40123,12,108,15.5,-45.9666666666667,-62.5666666666667
Rey,112,2020-2,2020-02-16,30074,12,108,15.5,-45.9833333333333,-62.6
Rey,112,2020-2,2020-02-18,40258,12,108,15.3,-45.8166666666667,-62.45
Rey,112,2020-3,2020-02-22,17503,12,108,14.9,-45.4833333333333,-62.95
Rey,112,2020-3,2020-02-23,10763,12,108,14.8,-45.95,-62.5
Rey,112,2020-3,2020-02-24,28905,12,108,14.9,-45.9666666666667,-62.5833333333333
Rey,112,2020-3,2020-02-25,9225,12,108,14.8,-45.9833333333333,-62.7
Rey,112,2020-3,2020-02-26,8487,12,108,15.1,-45.9,-62.8166666666667
Rey,112,2020-3,2020-02-27,16728,12,108,15.0,-45.9833333333333,-62.45
Rey,112,2020-3,2020-02-28,18462,12,108,14.7,-46.0333333333333,-62.5166666666667
Rey,112,2020-3,2020-02-29,4428,12,108,15.3,-46.0166666666667,-62.5833333333333
Rey,112,2020-3,2020-03-01,4920,12,108,15.3,-46.1833333333333,-62.3
Rey,112,2020-3,2020-03-02,15806,12,108,13.2,-47.25,-60.9666666666667
Rey,112,2020-3,2020-03-03,24231,12,108,13.6,-47.5166666666667,-61.1
Rey,112,2020-3,2020-03-04,21595,12,108,13.5,-47.5666666666667,-61.0833333333333
Rey,112,2020-3,2020-03-05,16728,12,108,12.6,-47.4833333333333,-61.0833333333333
Rey,112,2020-3,2020-03-06,52398,12,108,12.9,-47.5166666666667,-61.0833333333333
Rey,112,2020-3,2020-03-09,8512,12,108,12.4,-47.4666666666667,-61.1
Rey,112,2020-3,2020-03-10,7995,12,108,12.4,-47.5,-61.116666666666696
Rey,112,2020-3,2020-03-11,3075,12,108,12.4,-47.633333333333304,-61.0333333333333
Rey,112,2020-3,2020-03-12,11562,12,108,12.6,-47.8166666666667,-60.9833333333333
Rey,112,2020-3,2020-03-13,7134,12,108,12.6,-47.85,-60.9666666666667
Rey,112,2020-3,2020-03-14,12054,12,108,12.4,-48.0166666666667,-60.9333333333333
Rey,112,2020-3,2020-03-16,4305,12,108,12.5,-47.85,-60.9
Rey,112,2020-3,2020-03-17,13161,12,108,12.5,-47.55,-60.866666666666696
Rey,112,2020-3,2020-03-18,9225,12,108,12.1,-47.4,-60.85
Rey,112,2020-3,2020-03-19,1328,12,108,12.4,-47.5666666666667,-60.866666666666696
Rey,112,2020-3,2020-03-20,15621,12,108,11.6,-47.65,-60.8333333333333
Rey,112,2020-3,2020-03-21,1107,12,108,12.6,-47.5666666666667,-60.8166666666667
Rey,112,2020-3,2020-03-22,3321,12,108,12.5,-47.633333333333304,-60.85
Rey,112,2020-3,2020-03-23,861,12,108,12.3,-47.6666666666667,-60.883333333333304
Rey,112,2020-3,2020-03-24,197,12,108,12.2,-48.2,-60.8
Rey,112,2020-3,2020-03-28,70110,12,108,13.6,-44.2833333333333,-60.05
Rey,112,2020-3,2020-03-29,23985,12,108,13.1,-44.2833333333333,-59.9333333333333
Rey,112,2020-3,2020-03-30,21525,12,108,13.2,-44.2,-59.9
Rey,112,2020-3,2020-03-31,8364,12,108,13.4,-44.2166666666667,-59.9
Rey,112,2020-3,2020-04-01,7872,12,108,13.4,-43.9166666666667,-59.7666666666667
Rey,112,2020-3,2020-04-03,75276,12,108,12.3,-42.933333333333294,-59.0833333333333
Rey,112,2020-3,2020-04-04,13346,12,108,12.9,-42.933333333333294,-59.1
Rey,112,2020-4,2020-04-12,32182,12,108,12.7,-41.75,-57.85
Rey,112,2020-4,2020-04-13,65229,12,108,12.5,-41.783333333333296,-57.8166666666667
Rey,112,2020-4,2020-04-14,57088,12,108,13.0,-41.8,-57.8333333333333
Rey,112,2020-4,2020-04-15,3298,12,108,12.6,-41.9166666666667,-58.0
Rey,112,2020-4,2020-04-16,52224,12,108,13.3,-41.6166666666667,-57.6833333333333
Rey,112,2020-4,2020-04-17,10113,12,108,13.2,-41.6,-57.7
Rey,112,2020-4,2020-04-18,23497,12,108,12.8,-41.533333333333296,-57.55
Rey,112,2020-4,2020-04-19,66703,12,108,12.9,-40.95,-57.0666666666667
Rey,112,2020-4,2020-04-20,52493,12,108,13.2,-41.0166666666667,-57.0833333333333
Rey,112,2020-4,2020-04-21,45429,12,108,13.1,-40.966666666666704,-57.05
Rey,112,2020-4,2020-04-22,21888,12,108,13.0,-40.8833333333333,-57.0333333333333
Rey,112,2020-4,2020-04-23,25500,12,108,13.5,-40.9,-56.9833333333333
Rey,112,2020-4,2020-04-24,20967,12,108,13.8,-40.8,-56.85
Rey,112,2020-4,2020-04-25,25500,12,108,13.2,-40.466666666666704,-56.5833333333333
Rey,112,2020-4,2020-04-26,7140,12,108,13.5,-40.316666666666706,-56.5166666666667
Rey,112,2020-4,2020-04-27,4359,12,108,12.3,-40.9833333333333,-57.1
Rey,112,2020-5,2020-05-03,9102,12,108,9.5,-40.85,-56.9166666666667
Rey,112,2020-5,2020-05-04,18696,12,108,10.5,-40.783333333333296,-56.866666666666696
Rey,112,2020-5,2020-05-05,7749,12,108,11.5,-40.783333333333296,-56.9166666666667
Rey,112,2020-5,2020-05-06,18339,12,108,10.1,-40.8833333333333,-56.9666666666667
Rey,112,2020-5,2020-05-07,6150,12,108,9.8,-40.8666666666667,-56.9166666666667
Rey,112,2020-5,2020-05-08,5843,12,108,9.9,-41.033333333333296,-57.133333333333304
Rey,112,2020-5,2020-05-09,19741,12,108,10.3,-41.4,-57.383333333333304
Rey,112,2020-5,2020-05-10,5720,12,108,10.9,-41.4,-57.366666666666696
Rey,112,2020-5,2020-05-11,3641,12,108,10.1,-41.4166666666667,-57.383333333333304
Rey,112,2020-5,2020-05-12,26777,12,108,10.7,-42.5166666666667,-58.6666666666667
Rey,112,2020-5,2020-05-13,8733,12,108,9.5,-42.3,-58.5666666666667
Rey,112,2020-5,2020-05-14,37638,12,108,9.5,-42.566666666666706,-58.7333333333333
Rey,112,2020-5,2020-05-15,11193,12,108,9.6,-42.5,-58.7
Rey,112,2020-5,2020-05-16,14563,12,108,9.6,-42.6166666666667,-58.8
Rey,112,2020-5,2020-05-17,7478,12,108,9.3,-42.5833333333333,-58.75
Rey,112,2020-5,2020-05-18,37380,12,108,9.6,-42.5833333333333,-58.7833333333333
Rey,112,2020-5,2020-05-19,2645,12,108,9.8,-42.5833333333333,-58.7833333333333
Rey,112,2020-5,2020-05-20,6839,12,108,9.1,-42.75,-58.883333333333304
Rey,112,2020-5,2020-05-21,5264,12,108,9.2,-42.8833333333333,-58.95
Rey,112,2020-5,2020-05-22,16138,12,108,9.4,-43.2333333333333,-59.3
Rey,112,2020-5,2020-05-23,5018,12,108,9.8,-43.0166666666667,-59.1666666666667
Rey,112,2020-5,2020-05-26,3567,12,108,9.4,-42.75,-58.9
Rey,112,2020-5,2020-05-27,812,12,108,9.3,-42.65,-58.7333333333333
Rey,112,2020-5,2020-05-28,6654,12,108,12.5,-42.8833333333333,-60.1666666666667
Rey,112,2020-5,2020-05-29,56457,12,108,11.1,-42.7666666666667,-60.1
Rey,112,2020-5,2020-05-30,49938,12,108,11.3,-42.816666666666706,-60.1
Rey,112,2020-5,2020-05-31,33087,12,108,11.4,-42.8333333333333,-60.05
Rey,112,2020-5,2020-06-01,50184,12,108,11.5,-42.7,-59.9166666666667
Rey,112,2020-5,2020-06-02,27687,12,108,11.1,-42.7,-59.85
Rey,112,2020-6,2020-06-08,32447,12,108,11.5,-43.116666666666696,-60.2166666666667
Rey,112,2020-6,2020-06-09,20910,12,108,11.4,-43.116666666666696,-60.116666666666696
Rey,112,2020-6,2020-06-10,8610,12,108,10.7,-43.1666666666667,-60.3
Rey,112,2020-6,2020-06-11,16605,12,108,10.5,-43.0333333333333,-60.2
Rey,112,2020-6,2020-06-12,28081,12,108,10.7,-43.0,-60.3166666666667
Rey,112,2020-6,2020-06-13,6654,12,108,11.3,-42.9833333333333,-60.4
Rey,112,2020-6,2020-06-15,7995,12,108,10.9,-42.8666666666667,-60.35
Rey,112,2020-6,2020-06-16,27490,12,108,10.9,-42.816666666666706,-60.383333333333304
Rey,112,2020-6,2020-06-17,9348,12,108,11.9,-42.05,-59.7
Rey,112,2020-6,2020-06-18,17281,12,108,11.8,-41.966666666666704,-59.7833333333333
Rey,112,2020-6,2020-06-19,23370,12,108,11.4,-41.9833333333333,-59.8166666666667
Rey,112,2020-6,2020-06-20,17257,12,108,11.5,-42.216666666666704,-59.5
Rey,112,2020-6,2020-06-21,31758,12,108,11.2,-42.216666666666704,-59.7333333333333
Rey,112,2020-6,2020-06-22,37392,12,108,11.0,-42.1666666666667,-59.85
Rey,112,2020-6,2020-06-23,24846,12,108,11.4,-42.2,-59.7333333333333
Rey,112,2020-6,2020-06-24,11980,12,108,11.6,-42.183333333333294,-59.7833333333333
Rey,112,2020-6,2020-06-25,30381,12,108,11.8,-42.1666666666667,-59.9166666666667
Rey,112,2020-6,2020-06-26,4920,12,108,10.6,-42.05,-59.1
Rey,112,2020-6,2020-06-27,5461,12,108,10.9,-41.95,-59.9
Rey,112,2020-6,2020-06-28,3333,12,108,11.4,-41.966666666666704,-60.15
Rey,112,2020-6,2020-06-29,18450,12,108,11.2,-42.0166666666667,-60.366666666666696
Rey,112,2020-6,2020-06-30,1673,12,108,10.7,-42.1333333333333,-60.5333333333333
Korbin,113,2020-1,2020-01-11,27896,12,104,14.2,-45.0666666666667,-62.366666666666696
Korbin,113,2020-1,2020-01-12,31033,12,104,14.4,-45.0666666666667,-62.2166666666667
Korbin,113,2020-1,2020-01-13,20369,12,104,14.9,-45.05,-62.1666666666667
Korbin,113,2020-1,2020-01-14,26543,12,104,14.8,-44.9166666666667,-62.2166666666667
Korbin,113,2020-1,2020-01-17,8512,12,104,13.8,-44.7333333333333,-62.3
Korbin,113,2020-1,2020-01-18,57835,12,104,15.0,-44.9166666666667,-63.8166666666667
Korbin,113,2020-1,2020-01-19,26076,12,104,15.2,-44.7833333333333,-63.75
Korbin,113,2020-1,2020-01-20,49175,12,104,15.3,-44.9,-63.95
Korbin,113,2020-1,2020-01-21,44182,12,104,15.8,-44.8166666666667,-64.0166666666667
Korbin,113,2020-1,2020-01-22,7786,12,104,16.0,-45.1666666666667,-63.8
Korbin,113,2020-1,2020-01-23,11304,12,104,16.3,-44.8333333333333,-63.2833333333333
Korbin,113,2020-1,2020-01-24,50959,12,104,15.3,-45.4166666666667,-62.8166666666667
Korbin,113,2020-1,2020-01-25,16433,12,104,14.7,-45.7333333333333,-62.4666666666667
Korbin,113,2020-1,2020-01-26,33013,12,104,14.3,-45.7,-62.4166666666667
Korbin,113,2020-1,2020-01-27,16925,12,104,14.2,-45.9166666666667,-62.4166666666667
Korbin,113,2020-1,2020-01-28,27392,12,104,14.4,-45.9,-62.4
Korbin,113,2020-1,2020-01-29,21845,12,104,14.5,-45.5833333333333,-63.25
Korbin,113,2020-2,2020-02-02,58007,12,104,15.4,-45.75,-62.8333333333333
Korbin,113,2020-2,2020-02-03,51365,12,104,14.7,-45.6,-62.6
Korbin,113,2020-2,2020-02-04,24022,12,104,14.9,-45.5666666666667,-62.4166666666667
Korbin,113,2020-2,2020-02-05,46568,12,104,15.0,-45.4833333333333,-62.4833333333333
Korbin,113,2020-2,2020-02-06,14588,12,104,15.5,-45.4333333333333,-62.65
Korbin,113,2020-2,2020-02-07,58007,12,104,15.2,-45.5833333333333,-62.7333333333333
Korbin,113,2020-2,2020-02-08,26027,12,104,15.6,-45.5833333333333,-63.133333333333304
Korbin,113,2020-2,2020-02-09,56740,12,104,15.7,-45.55,-62.4833333333333
Korbin,113,2020-2,2020-02-10,18893,12,104,15.5,-45.5,-62.3
Korbin,113,2020-2,2020-02-11,12890,12,104,15.6,-45.85,-62.4833333333333
Korbin,113,2020-2,2020-02-12,28782,12,104,15.9,-45.616666666666696,-62.6
Korbin,113,2020-2,2020-02-13,37687,12,104,15.5,-45.95,-62.4833333333333
Korbin,113,2020-2,2020-02-14,20615,12,104,15.4,-46.0333333333333,-62.5
Korbin,113,2020-2,2020-02-15,31119,12,104,15.3,-45.9833333333333,-62.7833333333333
Korbin,113,2020-2,2020-02-16,23616,12,104,15.5,-45.85,-62.7166666666667
Korbin,113,2020-2,2020-02-17,54858,12,104,15.4,-45.85,-62.55
Korbin,113,2020-2,2020-02-18,38819,12,104,15.3,-45.883333333333304,-62.5833333333333
Korbin,113,2020-3,2020-02-22,17220,12,104,14.8,-45.4,-63.05
Korbin,113,2020-3,2020-02-23,9594,12,104,14.5,-45.9333333333333,-62.65
Korbin,113,2020-3,2020-02-24,19631,12,104,14.6,-45.866666666666696,-62.6833333333333
Korbin,113,2020-3,2020-02-25,7921,12,104,14.7,-45.95,-62.883333333333304
Korbin,113,2020-3,2020-02-26,5535,12,104,14.4,-45.7333333333333,-62.6666666666667
Korbin,113,2020-3,2020-02-27,5314,12,104,14.5,-45.1833333333333,-62.2833333333333
Korbin,113,2020-3,2020-02-28,11291,12,104,14.6,-46.0166666666667,-62.4166666666667
Korbin,113,2020-3,2020-02-29,3567,12,104,14.8,-46.2333333333333,-62.9166666666667
Korbin,113,2020-3,2020-03-01,10467,12,104,15.1,-46.3166666666667,-63.1
Korbin,113,2020-3,2020-03-02,4748,12,104,12.5,-47.633333333333304,-61.15
Korbin,113,2020-3,2020-03-03,1439,12,104,16.3,-46.2166666666667,-63.45
Korbin,113,2020-3,2020-03-04,7798,12,104,12.3,-47.8333333333333,-61.2
Korbin,113,2020-3,2020-03-05,5461,12,104,11.9,-47.7,-61.2666666666667
Korbin,113,2020-3,2020-03-06,8573,12,104,12.1,-47.3333333333333,-61.0
Korbin,113,2020-3,2020-03-08,3321,12,104,15.8,-45.0166666666667,-62.5333333333333
Korbin,113,2020-3,2020-03-09,418,12,104,15.7,-45.0833333333333,-62.5
Korbin,113,2020-3,2020-03-10,541,12,104,12.0,-47.3333333333333,-61.0833333333333
Korbin,113,2020-3,2020-03-11,10910,12,104,11.6,-47.8166666666667,-61.1
Korbin,113,2020-3,2020-03-12,1046,12,104,12.1,-47.9666666666667,-61.0833333333333
Korbin,113,2020-3,2020-03-13,3764,12,104,11.8,-47.8,-61.0
Korbin,113,2020-3,2020-03-14,1464,12,104,10.9,-47.9833333333333,-60.9333333333333
Korbin,113,2020-3,2020-03-15,5597,12,104,11.8,-47.9666666666667,-60.9833333333333
Korbin,113,2020-3,2020-03-16,1427,12,104,11.9,-47.9333333333333,-61.0
Korbin,113,2020-3,2020-03-17,9668,12,104,11.6,-47.5333333333333,-60.85
Korbin,113,2020-3,2020-03-18,5387,12,104,11.8,-47.5,-60.8166666666667
Korbin,113,2020-3,2020-03-19,8672,12,104,11.3,-47.4666666666667,-60.8166666666667
Korbin,113,2020-3,2020-03-20,1796,12,104,11.9,-47.5666666666667,-60.8333333333333
Korbin,113,2020-3,2020-03-21,5535,12,104,11.8,-47.85,-60.85
Korbin,113,2020-3,2020-03-22,5474,12,104,11.6,-48.1666666666667,-60.8333333333333
Korbin,113,2020-3,2020-03-23,19422,12,104,11.7,-48.1833333333333,-60.85
Korbin,113,2020-3,2020-03-24,2854,12,104,11.6,-48.1666666666667,-60.8
Korbin,113,2020-3,2020-03-25,1451,12,104,11.7,-48.133333333333304,-60.866666666666696
Korbin,113,2020-3,2020-03-26,824,12,104,11.6,-47.9833333333333,-60.85
Korbin,113,2020-3,2020-03-27,1661,12,104,11.7,-48.2166666666667,-60.866666666666696
Korbin,113,2020-3,2020-03-28,1169,12,104,11.6,-48.2,-60.8
Korbin,113,2020-3,2020-03-29,4379,12,104,12.5,-44.3333333333333,-59.95
Korbin,113,2020-3,2020-03-30,4133,12,104,12.8,-44.4,-59.9666666666667
Korbin,113,2020-3,2020-03-31,590,12,104,12.9,-44.25,-59.9333333333333
Korbin,113,2020-3,2020-04-01,185,12,104,12.9,-43.8166666666667,-59.6833333333333
Korbin,113,2020-3,2020-04-02,46494,12,104,12.4,-42.9666666666667,-59.1833333333333
Korbin,113,2020-3,2020-04-03,52964,12,104,11.6,-42.9833333333333,-59.15
Korbin,113,2020-3,2020-04-04,54944,12,104,14.4,-41.8333333333333,-57.9833333333333
Korbin,113,2020-3,2020-04-05,50602,12,104,13.3,-41.7666666666667,-57.85
Korbin,113,2020-3,2020-04-06,46433,12,104,13.5,-41.7333333333333,-57.883333333333304
Korbin,113,2020-3,2020-04-07,33210,12,104,13.0,-41.25,-57.633333333333304
Korbin,113,2020-3,2020-04-08,31488,12,104,10.6,-41.683333333333294,-57.7
Korbin,113,2020-3,2020-04-09,25067,12,104,10.9,-41.8,-57.9833333333333
Korbin,113,2020-3,2020-04-10,8708,12,104,11.1,-41.316666666666706,-57.4
Korbin,113,2020-3,2020-04-11,34686,12,104,11.5,-41.7666666666667,-57.8
Korbin,113,2020-4,2020-04-18,26384,2,104,12.3,-42.95,-59.15
Korbin,113,2020-4,2020-04-19,51328,12,104,12.9,-42.816666666666706,-58.9833333333333
Korbin,113,2020-4,2020-04-20,27946,12,104,11.3,-42.8333333333333,-58.9666666666667
Korbin,113,2020-4,2020-04-21,42952,12,104,11.9,-42.75,-58.9666666666667
Korbin,113,2020-4,2020-04-22,47466,12,104,11.6,-42.8,-59.0166666666667
Korbin,113,2020-4,2020-04-23,39926,12,104,11.4,-42.8833333333333,-59.133333333333304
Korbin,113,2020-4,2020-04-24,6667,12,104,11.8,-42.85,-59.15
Korbin,113,2020-4,2020-04-25,1304,12,104,11.4,-42.9166666666667,-59.366666666666696
Korbin,113,2020-4,2020-04-26,40221,12,104,13.1,-40.3666666666667,-56.5
Korbin,113,2020-4,2020-04-27,33382,12,104,12.9,-40.5,-56.616666666666696
Korbin,113,2020-4,2020-04-28,51660,12,104,11.3,-42.933333333333294,-59.1
Korbin,113,2020-4,2020-04-29,2509,12,104,9.9,-43.3333333333333,-59.383333333333304
Korbin,113,2020-4,2020-04-30,1205,12,104,9.4,-42.8833333333333,-59.0
Korbin,113,2020-4,2020-05-01,4846,12,104,9.5,-42.95,-59.1666666666667
Korbin,113,2020-4,2020-05-03,1427,12,104,9.6,-41.8333333333333,-57.8333333333333
Korbin,113,2020-4,2020-05-04,36556,12,104,9.1,-41.4,-57.4333333333333
Korbin,113,2020-4,2020-05-05,44305,12,104,9.4,-41.1333333333333,-57.2166666666667
Korbin,113,2020-4,2020-05-06,16851,12,104,9.5,-41.15,-57.15
Korbin,113,2020-4,2020-05-07,11095,12,104,9.7,-41.1666666666667,-57.1666666666667
Korbin,113,2020-4,2020-05-08,11611,12,104,9.4,-41.3333333333333,-57.2666666666667
Korbin,113,2020-4,2020-05-09,271,12,104,9.5,-41.3666666666667,-57.4
Korbin,113,2020-4,2020-05-10,1304,12,104,10.4,-41.4166666666667,-57.4166666666667
Korbin,113,2020-4,2020-05-11,16605,12,104,10.0,-42.4166666666667,-58.5333333333333
Korbin,113,2020-4,2020-05-12,20147,12,104,9.9,-42.35,-58.6666666666667
Korbin,113,2020-4,2020-05-13,18475,12,104,10.0,-42.216666666666704,-58.6833333333333
Korbin,113,2020-4,2020-05-14,1353,12,104,10.3,-42.283333333333296,-58.6
Korbin,113,2020-4,2020-05-15,5412,12,104,8.9,-42.566666666666706,-58.7333333333333
Korbin,113,2020-4,2020-05-16,15080,12,104,8.8,-42.3666666666667,-58.5166666666667
Korbin,113,2020-4,2020-05-17,3444,12,104,8.9,-42.4,-58.3333333333333
Korbin,113,2020-4,2020-05-20,79077,12,104,8.8,-42.9166666666667,-59.0
Korbin,113,2020-4,2020-05-21,1919,12,104,8.5,-42.95,-58.9666666666667
Korbin,113,2020-4,2020-05-22,812,12,104,8.7,-43.9166666666667,-59.7333333333333
Korbin,113,2020-4,2020-05-23,11119,12,104,8.6,-43.383333333333304,-59.383333333333304
Korbin,113,2020-4,2020-05-24,738,12,104,8.2,-42.933333333333294,-59.0666666666667
Korbin,113,2020-4,2020-05-26,221,12,104,8.2,-43.2166666666667,-59.2166666666667
Korbin,113,2020-4,2020-05-27,566,12,104,8.4,-42.55,-58.633333333333304
Korbin,113,2020-4,2020-05-28,29200,12,104,12.0,-42.8666666666667,-60.35
Korbin,113,2020-4,2020-05-29,32349,12,104,11.8,-43.0166666666667,-60.2166666666667
Korbin,113,2020-4,2020-05-30,39864,12,104,12.0,-42.8333333333333,-60.1666666666667
Korbin,113,2020-4,2020-05-31,31783,12,104,11.6,-42.933333333333294,-60.2
Korbin,113,2020-4,2020-06-01,17503,12,104,11.0,-43.0666666666667,-60.116666666666696
Korbin,113,2020-5,2020-06-07,3813,12,104,11.0,-43.15,-60.2666666666667
Korbin,113,2020-5,2020-06-08,12362,12,104,11.1,-42.9833333333333,-60.25
Korbin,113,2020-5,2020-06-09,3001,12,104,10.7,-42.8666666666667,-59.95
Korbin,113,2020-5,2020-06-10,21587,12,104,10.6,-43.0833333333333,-60.15
Korbin,113,2020-5,2020-06-11,24182,12,104,10.2,-43.0333333333333,-60.3
Korbin,113,2020-5,2020-06-12,21796,12,104,10.6,-43.1,-60.4166666666667
Korbin,113,2020-5,2020-06-13,4772,12,104,10.5,-43.0166666666667,-60.45
Korbin,113,2020-5,2020-06-14,9225,12,104,9.7,-42.6166666666667,-60.2666666666667
Korbin,113,2020-5,2020-06-15,5264,12,104,10.1,-42.816666666666706,-60.5333333333333
Korbin,113,2020-5,2020-06-16,18868,12,104,10.3,-42.85,-60.4666666666667
Korbin,113,2020-5,2020-06-17,1181,12,104,9.8,-42.683333333333294,-60.25
Korbin,113,2020-5,2020-06-21,13100,12,104,11.1,-42.1166666666667,-59.8
Korbin,113,2020-5,2020-06-22,45904,12,104,10.2,-42.15,-59.7
Korbin,113,2020-5,2020-06-23,27478,12,104,10.7,-42.316666666666706,-59.8333333333333
Korbin,113,2020-5,2020-06-24,6950,12,104,10.2,-42.3333333333333,-59.616666666666696
Korbin,113,2020-5,2020-06-25,10676,12,104,10.1,-42.1333333333333,-59.866666666666696
Korbin,113,2020-5,2020-06-26,7036,12,104,9.6,-41.966666666666704,-59.8166666666667
Korbin,113,2020-5,2020-06-27,603,12,104,9.5,-41.8666666666667,-59.9666666666667
Korbin,113,2020-5,2020-06-28,3604,12,104,10.3,-42.0166666666667,-60.2666666666667
Korbin,113,2020-5,2020-06-29,6199,12,104,9.8,-42.6,-60.8333333333333
Korbin,113,2020-5,2020-06-30,2337,12,104,10.4,-42.2,-60.55
Armani,114,2020-1,2020-01-16,8760,12,88,15.5,-44.3,-62.4166666666667
Armani,114,2020-1,2020-01-17,18240,12,88,15.3,-45.2333333333333,-63.3333333333333
Armani,114,2020-1,2020-01-18,10980,12,88,15.2,-44.9333333333333,-63.5166666666667
Armani,114,2020-1,2020-01-19,17880,12,88,15.0,-44.6833333333333,-63.883333333333304
Armani,114,2020-1,2020-01-23,12620,12,88,15.0,-45.35,-62.633333333333304
Armani,114,2020-1,2020-01-24,18300,12,88,15.9,-45.6,-62.35
Armani,114,2020-1,2020-01-25,12920,12,88,14.9,-45.6,-62.366666666666696
Armani,114,2020-1,2020-01-26,16400,12,88,14.9,-45.45,-62.3
Armani,114,2020-1,2020-01-27,13340,12,88,14.9,-45.4666666666667,-62.2833333333333
Armani,114,2020-1,2020-01-28,17340,12,88,15.3,-45.4833333333333,-62.3
Armani,114,2020-1,2020-01-29,18100,12,88,15.3,-45.4833333333333,-62.5166666666667
Armani,114,2020-1,2020-01-30,18500,12,88,16.0,-45.8166666666667,-62.2333333333333
Armani,114,2020-1,2020-01-31,29940,12,88,16.2,-45.7833333333333,-62.45
Armani,114,2020-1,2020-02-01,21820,12,88,15.9,-45.7333333333333,-62.5166666666667
Armani,114,2020-1,2020-02-02,36180,12,100,15.5,-45.7166666666667,-62.5333333333333
Armani,114,2020-1,2020-02-03,27260,12,100,15.0,-45.7166666666667,-62.5333333333333
Armani,114,2020-1,2020-02-04,11640,12,100,15.0,-45.85,-62.5333333333333
Armani,114,2020-1,2020-02-05,13040,12,100,15.1,-45.5166666666667,-62.9
Armani,114,2020-2,2020-02-10,21620,12,100,15.5,-45.4666666666667,-62.6833333333333
Armani,114,2020-2,2020-02-11,23000,12,100,15.5,-45.4666666666667,-62.6833333333333
Armani,114,2020-2,2020-02-12,24000,12,100,15.5,-45.4666666666667,-62.616666666666696
Armani,114,2020-2,2020-02-13,20240,12,100,15.5,-45.4666666666667,-62.6
Armani,114,2020-2,2020-02-14,20400,12,100,15.5,-45.45,-62.65
Armani,114,2020-2,2020-02-15,26200,12,100,15.5,-46.0333333333333,-62.633333333333304
Armani,114,2020-2,2020-02-16,14080,12,100,15.5,-46.0666666666667,-62.5666666666667
Armani,114,2020-2,2020-02-17,26560,12,100,15.5,-45.7666666666667,-62.7166666666667
Armani,114,2020-2,2020-02-18,22740,12,100,15.3,-45.7166666666667,-62.6833333333333
Armani,114,2020-2,2020-02-19,17820,12,100,15.2,-45.7333333333333,-62.65
Armani,114,2020-2,2020-02-20,19840,12,100,15.0,-45.5833333333333,-62.6
Armani,114,2020-2,2020-02-21,25940,12,100,15.0,-45.4,-62.616666666666696
Armani,114,2020-2,2020-02-22,15500,12,100,15.0,-45.3,-62.5833333333333
Armani,114,2020-2,2020-02-23,5820,12,100,14.8,-45.85,-62.7
Armani,114,2020-2,2020-02-24,6500,12,100,15.0,-45.8,-62.7
Armani,114,2020-2,2020-02-25,5000,12,100,15.9,-45.5166666666667,-63.1
Armani,114,2020-2,2020-02-26,5720,12,100,14.9,-45.0166666666667,-62.75
Armani,114,2020-3,2020-03-01,7000,12,100,15.5,-44.55,-62.7666666666667
Armani,114,2020-3,2020-03-02,7500,12,100,15.5,-44.55,-62.7666666666667
Armani,114,2020-3,2020-03-03,10020,12,100,15.5,-44.5833333333333,-62.8
Armani,114,2020-3,2020-03-04,6620,12,100,15.5,-45.866666666666696,-62.2833333333333
Armani,114,2020-3,2020-03-05,1620,12,100,15.5,-45.4333333333333,-62.4333333333333
Armani,114,2020-3,2020-03-06,5000,12,100,15.5,-45.1,-62.4833333333333
Armani,114,2020-3,2020-03-07,6180,12,100,15.5,-45.15,-62.4833333333333
Armani,114,2020-3,2020-03-08,2820,12,100,15.5,-44.9666666666667,-62.4666666666667
Armani,114,2020-3,2020-03-09,1600,12,100,15.5,-44.95,-62.4833333333333
Armani,114,2020-3,2020-03-10,1840,12,100,15.5,-45.133333333333304,-62.0833333333333
Armani,114,2020-3,2020-03-12,9440,12,100,15.0,-47.5333333333333,-61.0833333333333
Armani,114,2020-3,2020-03-13,7800,12,100,15.0,-48.0666666666667,-61.1
Armani,114,2020-3,2020-03-14,4980,12,100,14.8,-47.9333333333333,-61.15
Armani,114,2020-3,2020-03-15,5000,12,100,15.0,-47.7333333333333,-61.15
Armani,114,2020-3,2020-03-16,1760,12,100,15.0,-47.7166666666667,-61.2
Armani,114,2020-3,2020-03-17,4560,12,100,14.9,-47.7666666666667,-60.866666666666696
Armani,114,2020-3,2020-03-18,3800,12,100,14.9,-47.5666666666667,-60.866666666666696
Armani,114,2020-3,2020-03-19,1980,12,100,14.9,-47.8166666666667,-60.95
Armani,114,2020-3,2020-03-20,2080,12,100,15.3,-47.8,-60.9333333333333
Armani,114,2020-3,2020-03-22,4460,12,100,16.0,-47.65,-60.8333333333333
Armani,114,2020-3,2020-03-23,4220,12,100,16.2,-47.4666666666667,-60.8333333333333
Armani,114,2020-3,2020-03-24,2500,12,100,15.9,-47.45,-60.8166666666667
Armani,114,2020-3,2020-03-25,12760,12,100,15.5,-48.45,-60.8166666666667
Armani,114,2020-3,2020-03-26,2300,12,100,15.0,-47.5833333333333,-60.8333333333333
Armani,114,2020-3,2020-03-29,7920,12,100,15.0,-44.5166666666667,-60.1666666666667
Armani,114,2020-3,2020-03-31,6320,12,100,14.9,-44.6,-60.0166666666667
Armani,114,2020-3,2020-04-06,43680,12,100,14.9,-41.816666666666706,-57.9833333333333
Armani,114,2020-3,2020-04-07,30900,12,100,14.5,-41.566666666666706,-57.7833333333333
Armani,114,2020-3,2020-04-08,12600,12,100,14.5,-41.3666666666667,-57.633333333333304
Armani,114,2020-3,2020-04-09,19620,12,100,14.5,-41.566666666666706,-57.5666666666667
Armani,114,2020-3,2020-04-10,35480,12,100,14.5,-41.7333333333333,-57.7833333333333
Armani,114,2020-3,2020-04-11,27880,12,100,14.5,-41.55,-57.65
Armani,114,2020-4,2020-04-18,20320,12,100,15.5,-41.7333333333333,-57.7
Armani,114,2020-4,2020-04-19,6000,12,100,15.5,-41.566666666666706,-57.5166666666667
Armani,114,2020-4,2020-04-20,42740,12,100,15.5,-40.966666666666704,-57.133333333333304
Armani,114,2020-4,2020-04-21,31000,12,100,15.5,-40.966666666666704,-57.05
Armani,114,2020-4,2020-04-22,42120,12,100,15.5,-40.9,-56.9333333333333
Armani,114,2020-4,2020-04-23,49880,12,100,15.5,-40.9,-56.95
Armani,114,2020-4,2020-04-24,45280,12,100,15.5,-40.8,-56.75
Armani,114,2020-4,2020-04-25,30320,12,100,15.3,-40.7666666666667,-56.7666666666667
Armani,114,2020-4,2020-04-26,34960,12,100,15.2,-40.783333333333296,-56.7666666666667
Armani,114,2020-4,2020-04-27,40600,12,100,15.0,-40.35,-56.4166666666667
Armani,114,2020-4,2020-04-28,27680,12,100,15.0,-40.3333333333333,-56.4666666666667
Armani,114,2020-4,2020-05-01,27920,12,100,15.0,-40.466666666666704,-56.616666666666696
Armani,114,2020-4,2020-05-02,11480,12,100,15.9,-40.35,-56.5166666666667
Armani,114,2020-4,2020-05-03,6760,12,100,14.9,-40.316666666666706,-56.4
Armani,114,2020-4,2020-05-04,19520,12,100,14.9,-40.7333333333333,-56.8166666666667
Armani,114,2020-4,2020-05-05,6000,12,100,14.9,-40.8,-56.9666666666667
Armani,114,2020-4,2020-05-07,5840,12,100,15.3,-41.05,-57.0833333333333
Armani,114,2020-4,2020-05-08,5480,12,100,16.0,-41.0166666666667,-57.0833333333333
Armani,114,2020-4,2020-05-09,6080,12,100,16.2,-40.85,-56.883333333333304
Armani,114,2020-4,2020-05-10,5840,12,100,15.9,-40.9,-56.95
Armani,114,2020-4,2020-05-11,39880,12,100,15.5,-40.75,-56.8333333333333
Armani,114,2020-4,2020-05-12,4040,12,100,15.0,-40.5833333333333,-56.6666666666667
Armani,114,2020-5,2020-05-19,2760,12,100,15.5,-42.783333333333296,-58.866666666666696
Armani,114,2020-5,2020-05-20,2360,12,100,15.5,-42.6,-58.7833333333333
Armani,114,2020-5,2020-05-22,6480,12,100,15.5,-42.9833333333333,-59.05
Armani,114,2020-5,2020-05-23,3600,12,100,15.5,-42.9833333333333,-59.116666666666696
Armani,114,2020-5,2020-05-24,2840,12,100,15.5,-41.966666666666704,-59.05
Armani,114,2020-5,2020-05-25,5760,12,100,15.3,-42.9666666666667,-59.0666666666667
Armani,114,2020-5,2020-05-26,21840,12,100,15.2,-42.783333333333296,-58.883333333333304
Armani,114,2020-5,2020-05-28,19240,12,100,15.0,-42.55,-58.5833333333333
Armani,114,2020-5,2020-05-29,400,12,100,15.0,-42.6,-58.6666666666667
Armani,114,2020-5,2020-05-30,26140,12,100,14.8,-42.933333333333294,-60.2166666666667
Armani,114,2020-5,2020-05-31,23700,12,100,15.0,-42.95,-60.366666666666696
Armani,114,2020-5,2020-06-01,25540,12,100,15.9,-42.816666666666706,-60.0833333333333
Armani,114,2020-5,2020-06-02,34580,12,100,14.9,-42.783333333333296,-59.75
Armani,114,2020-5,2020-06-03,36080,12,100,14.9,-42.783333333333296,-59.75
Armani,114,2020-5,2020-06-04,33020,12,100,14.9,-42.8833333333333,-59.633333333333304
Armani,114,2020-5,2020-06-05,3820,12,100,15.3,-42.9,-59.55
Armani,114,2020-5,2020-06-06,37340,12,100,15.3,-43.0333333333333,-60.0666666666667
Armani,114,2020-5,2020-06-07,20380,12,100,16.0,-43.116666666666696,-60.15
Armani,114,2020-5,2020-06-08,17560,12,100,16.2,-43.05,-60.0333333333333
Armani,114,2020-5,2020-06-09,45940,12,100,15.9,-43.0833333333333,-60.133333333333304
Armani,114,2020-5,2020-06-11,42740,12,100,15.0,-43.116666666666696,-60.15
Armani,114,2020-5,2020-06-12,27540,12,100,15.0,-43.116666666666696,-60.1833333333333
Armani,114,2020-5,2020-06-13,5900,12,100,15.1,-43.0833333333333,-60.2333333333333
Armani,114,2020-5,2020-06-14,2980,12,100,15.0,-43.0666666666667,-60.15
Armani,114,2020-6,2020-06-22,16360,12,100,15.5,-42.033333333333296,-59.55
Armani,114,2020-6,2020-06-23,31500,12,100,15.5,-42.2666666666667,-59.75
Armani,114,2020-6,2020-06-24,16720,12,100,15.5,-42.1666666666667,-59.65
Armani,114,2020-6,2020-06-25,27960,12,100,15.5,-42.1333333333333,-59.383333333333304
Armani,114,2020-6,2020-06-26,5240,12,100,15.5,-42.1333333333333,-59.8166666666667
Armani,114,2020-6,2020-06-27,3600,12,100,15.5,-41.95,-59.7333333333333
Armani,114,2020-6,2020-06-28,3080,12,100,15.5,-41.95,-59.2166666666667
Armani,114,2020-6,2020-06-30,1440,12,100,15.2,-42.15,-60.4
Rodney,115,2020-1,2020-01-18,6190,12,100,14.2,-44.0666666666667,-61.6
Rodney,115,2020-1,2020-01-19,19020,12,100,14.9,-45.133333333333304,-63.8
Rodney,115,2020-1,2020-01-20,15970,12,100,15.1,-45.1666666666667,-63.75
Rodney,115,2020-1,2020-01-21,29600,12,100,16.1,-44.9333333333333,-64.15
Rodney,115,2020-1,2020-01-22,5410,12,100,16.8,-44.95,-64.1333333333333
Rodney,115,2020-1,2020-01-23,21940,12,100,16.2,-45.0666666666667,-62.4333333333333
Rodney,115,2020-1,2020-01-24,10580,12,100,15.7,-45.116666666666696,-62.3
Rodney,115,2020-1,2020-01-25,21950,12,100,14.7,-45.75,-62.3333333333333
Rodney,115,2020-1,2020-01-26,24250,12,100,14.7,-45.6833333333333,-62.3333333333333
Rodney,115,2020-1,2020-01-27,22070,12,100,14.3,-45.6666666666667,-62.383333333333304
Rodney,115,2020-1,2020-01-28,19400,12,100,14.6,-45.6833333333333,-62.383333333333304
Rodney,115,2020-1,2020-01-29,26720,12,100,14.5,-45.5333333333333,-62.0333333333333
Rodney,115,2020-1,2020-01-30,18820,12,100,14.3,-45.7833333333333,-62.1
Rodney,115,2020-1,2020-01-31,19120,12,100,14.1,-46.0666666666667,-62.366666666666696
Rodney,115,2020-1,2020-02-01,21590,12,100,14.4,-45.7,-62.5333333333333
Rodney,115,2020-1,2020-02-02,47500,12,100,14.8,-45.7166666666667,-62.65
Rodney,115,2020-1,2020-02-03,35300,12,100,14.7,-45.7,-62.5666666666667
Rodney,115,2020-1,2020-02-04,12900,12,100,15.1,-45.7333333333333,-62.6833333333333
Rodney,115,2020-1,2020-02-05,38800,12,100,15.6,-45.4333333333333,-62.5833333333333
Rodney,115,2020-1,2020-02-06,23020,12,100,16.0,-45.4166666666667,-62.5666666666667
Rodney,115,2020-1,2020-02-07,38780,12,100,15.1,-45.4833333333333,-62.4
Rodney,115,2020-1,2020-02-08,38550,12,100,15.3,-45.4666666666667,-62.4166666666667
Rodney,115,2020-1,2020-02-09,29100,12,100,15.6,-45.7166666666667,-62.5
Rodney,115,2020-1,2020-02-10,29900,12,100,15.5,-45.55,-62.4666666666667
Rodney,115,2020-1,2020-02-11,18330,12,100,15.7,-45.5166666666667,-62.4833333333333
Rodney,115,2020-1,2020-02-12,13040,12,100,15.8,-45.7166666666667,-62.1666666666667
Rodney,115,2020-1,2020-02-13,12460,12,100,16.1,-45.4666666666667,-62.5
Rodney,115,2020-1,2020-02-14,23350,12,100,16.3,-45.633333333333304,-62.4833333333333
Rodney,115,2020-1,2020-02-15,42650,12,100,16.3,-45.7666666666667,-62.75
Rodney,115,2020-1,2020-02-16,9800,12,100,16.1,-45.75,-62.7666666666667
Rodney,115,2020-2,2020-02-22,16220,12,100,14.9,-45.5333333333333,-62.866666666666696
Rodney,115,2020-2,2020-02-23,10120,12,100,14.8,-45.883333333333304,-62.7166666666667
Rodney,115,2020-2,2020-02-24,14400,12,100,14.9,-46.2166666666667,-62.7333333333333
Rodney,115,2020-2,2020-02-25,4410,12,100,15.0,-45.4833333333333,-63.25
Rodney,115,2020-2,2020-02-26,6340,12,100,14.4,-46.1666666666667,-62.3333333333333
Rodney,115,2020-2,2020-02-28,14250,12,100,4.8,-46.1833333333333,-62.7166666666667
Rodney,115,2020-2,2020-02-29,4070,12,100,15.0,-46.2333333333333,-62.75
Rodney,115,2020-2,2020-03-01,2340,12,100,15.2,-46.2166666666667,-62.55
Rodney,115,2020-2,2020-03-02,2880,12,100,14.5,-46.6666666666667,-62.1
Rodney,115,2020-2,2020-03-03,33250,12,100,13.4,-48.0,-61.35
Rodney,115,2020-2,2020-03-04,12370,12,100,13.0,-47.95,-61.366666666666696
Rodney,115,2020-2,2020-03-05,13550,12,100,15.5,-48.4166666666667,-61.2666666666667
Rodney,115,2020-2,2020-03-06,2120,12,100,14.4,-47.7833333333333,-63.6833333333333
Rodney,115,2020-2,2020-03-09,800,12,100,16.0,-44.95,-62.616666666666696
Rodney,115,2020-2,2020-03-10,1060,12,100,12.2,-47.0,-60.9666666666667
Rodney,115,2020-2,2020-03-11,2700,12,100,15.1,-48.35,-61.2666666666667
Rodney,115,2020-2,2020-03-13,3050,12,100,12.0,-48.0833333333333,-61.0666666666667
Rodney,115,2020-2,2020-03-14,1090,12,100,11.9,-48.0,-61.133333333333304
Rodney,115,2020-2,2020-03-15,2150,12,100,12.0,-48.1,-60.8333333333333
Rodney,115,2020-2,2020-03-16,11050,12,100,11.9,-48.133333333333304,-60.883333333333304
Rodney,115,2020-2,2020-03-17,2930,12,100,12.0,-47.8333333333333,-60.883333333333304
Rodney,115,2020-2,2020-03-18,9250,12,100,11.2,-47.6833333333333,-60.8
Rodney,115,2020-2,2020-03-21,5550,12,100,12.0,-47.9,-60.8333333333333
Rodney,115,2020-2,2020-03-22,4900,12,100,11.9,-47.7,-60.8333333333333
Rodney,115,2020-2,2020-03-23,480,12,100,11.9,-47.6833333333333,-60.8166666666667
Rodney,115,2020-2,2020-03-25,4550,12,100,11.8,-47.616666666666696,-60.883333333333304
Rodney,115,2020-2,2020-03-28,4740,12,100,14.0,-44.3,-60.1833333333333
Rodney,115,2020-2,2020-03-29,10200,12,100,13.0,-44.25,-60.05
Rodney,115,2020-2,2020-03-30,18400,12,100,13.3,-44.3333333333333,-59.9833333333333
Rodney,115,2020-2,2020-03-31,2370,12,100,13.5,-44.366666666666696,-60.0
Rodney,115,2020-2,2020-04-01,52600,12,100,13.4,-44.2833333333333,-59.9166666666667
Rodney,115,2020-2,2020-04-02,1170,12,100,13.1,-44.2666666666667,-59.9
Rodney,115,2020-2,2020-04-03,48000,12,100,13.4,-41.716666666666704,-57.95
Rodney,115,2020-2,2020-04-04,38020,12,100,12.9,-41.65,-57.7333333333333
Rodney,115,2020-2,2020-04-05,43200,12,100,12.8,-41.45,-57.6
Rodney,115,2020-2,2020-04-06,32150,12,100,13.5,-41.3333333333333,-57.5166666666667
Rodney,115,2020-2,2020-04-07,23700,12,100,12.0,-41.1666666666667,-57.4166666666667
Rodney,115,2020-2,2020-04-08,43200,12,100,12.0,-41.7666666666667,-57.9
Rodney,115,2020-2,2020-04-09,28800,12,100,12.0,-41.6166666666667,-57.6833333333333
Rodney,115,2020-2,2020-04-10,38020,12,100,12.0,-41.3833333333333,-57.5166666666667
Rodney,115,2020-2,2020-04-11,32000,12,100,12.0,-41.316666666666706,-57.35
Rodney,115,2020-2,2020-04-12,27500,12,100,12.0,-41.2333333333333,-57.2833333333333
Rodney,115,2020-2,2020-03-08,3300,12,100,16.0,-45.133333333333304,-62.6666666666667
Rodney,115,2020-3,2020-04-17,38700,12,100,12.8,-41.6166666666667,-57.5666666666667
Rodney,115,2020-3,2020-04-18,45350,12,100,12.1,-41.6166666666667,-57.5166666666667
Rodney,115,2020-3,2020-04-20,48500,12,100,12.2,-41.65,-57.6
Rodney,115,2020-3,2020-04-19,40970,12,100,13.3,-41.6333333333333,-57.5666666666667
Rodney,115,2020-3,2020-04-21,22710,12,100,12.9,-41.6333333333333,-57.5833333333333
Rodney,115,2020-3,2020-04-22,53380,12,100,13.3,-40.7666666666667,-56.7333333333333
Rodney,115,2020-3,2020-04-23,46860,12,100,12.8,-41.75,-56.7666666666667
Rodney,115,2020-3,2020-04-24,48700,12,100,13.3,-40.65,-56.7
Rodney,115,2020-3,2020-04-25,41500,12,100,13.7,-40.6333333333333,-56.6666666666667
Rodney,115,2020-3,2020-04-26,48700,12,100,13.0,-40.5833333333333,-56.6833333333333
Rodney,115,2020-3,2020-04-27,41160,12,100,11.6,-40.7333333333333,-56.7833333333333
Rodney,115,2020-3,2020-04-28,46040,12,100,11.5,-40.65,-56.7
Rodney,115,2020-3,2020-04-30,38960,12,100,9.8,-41.1,-57.25
Rodney,115,2020-3,2020-05-01,29220,12,100,10.5,-41.0833333333333,-57.2166666666667
Rodney,115,2020-3,2020-05-02,8910,12,100,9.7,-40.8333333333333,-56.95
Rodney,115,2020-3,2020-05-03,23410,12,100,10.4,-40.5,-56.616666666666696
Rodney,115,2020-3,2020-05-04,24080,12,100,10.0,-40.6166666666667,-56.616666666666696
Rodney,115,2020-4,2020-05-08,2300,12,100,10.0,-40.6,-56.6666666666667
Rodney,115,2020-4,2020-05-10,11750,12,100,9.8,-42.2,-58.2833333333333
Rodney,115,2020-4,2020-05-11,26300,12,100,10.0,-42.0833333333333,-58.116666666666696
Rodney,115,2020-4,2020-05-12,15880,12,100,9.9,-42.2333333333333,-58.3333333333333
Rodney,115,2020-4,2020-05-14,38960,12,100,9.3,-42.5833333333333,-58.6833333333333
Rodney,115,2020-4,2020-05-15,43820,12,100,8.7,-42.4,-58.5
Rodney,115,2020-4,2020-05-16,48700,12,100,8.9,-42.3333333333333,-58.4166666666667
Rodney,115,2020-4,2020-05-17,14580,12,100,9.2,-42.4166666666667,-58.4666666666667
Rodney,115,2020-4,2020-05-18,2300,12,100,9.0,-42.4166666666667,-58.5333333333333
Rodney,115,2020-4,2020-05-19,38400,12,100,9.1,-42.683333333333294,-58.8
Rodney,115,2020-4,2020-05-20,29500,12,100,8.7,-42.6666666666667,-58.8166666666667
Rodney,115,2020-4,2020-05-21,4560,12,100,8.9,-42.6333333333333,-58.7833333333333
Rodney,115,2020-4,2020-05-22,6070,12,100,8.9,-43.4,-59.383333333333304
Rodney,115,2020-4,2020-05-23,29570,12,100,9.0,-42.933333333333294,-59.05
Rodney,115,2020-4,2020-05-25,5010,12,100,8.5,-42.95,-59.0166666666667
Rodney,115,2020-4,2020-05-26,37170,12,100,8.6,-42.933333333333294,-59.0
Rodney,115,2020-4,2020-05-27,10180,12,100,8.8,-42.933333333333294,-59.05
Rodney,115,2020-4,2020-05-29,49590,12,100,11.0,-42.8666666666667,-60.0166666666667
Rodney,115,2020-4,2020-05-30,39720,12,100,11.7,-42.8833333333333,-59.9833333333333
Rodney,115,2020-4,2020-05-31,46790,12,100,11.5,-43.0333333333333,-60.2166666666667
Rodney,115,2020-4,2020-06-01,30720,12,100,11.1,-43.0333333333333,-60.0166666666667
Rodney,115,2020-4,2020-06-02,37720,12,100,11.5,-43.0,-60.1
Rodney,115,2020-4,2020-06-03,38800,12,100,11.5,-42.8833333333333,-59.7833333333333
Rodney,115,2020-4,2020-06-04,47390,12,100,10.8,-42.8,-59.55
Rodney,115,2020-4,2020-06-05,6040,12,100,10.3,-42.75,-59.4833333333333
Rodney,115,2020-4,2020-06-06,17720,12,100,10.2,-43.0166666666667,-59.7333333333333
Rodney,115,2020-5,2020-06-12,26920,12,100,10.2,-43.15,-60.15
Rodney,115,2020-5,2020-06-13,30130,12,100,10.1,-43.0166666666667,-59.9833333333333
Rodney,115,2020-5,2020-06-14,11730,12,100,9.6,-42.7666666666667,-59.85
Rodney,115,2020-5,2020-06-15,5580,12,100,9.2,-43.0166666666667,-59.9666666666667
Rodney,115,2020-5,2020-06-16,2040,12,100,10.4,-42.933333333333294,-60.5166666666667
Rodney,115,2020-5,2020-06-17,3390,12,100,11.1,-42.816666666666706,-60.3
Rodney,115,2020-5,2020-06-18,23350,12,100,11.5,-42.0,-59.5666666666667
Rodney,115,2020-5,2020-06-19,38130,12,100,11.5,-41.9833333333333,-59.5166666666667
Rodney,115,2020-5,2020-06-20,29780,12,100,11.4,-41.95,-59.35
Rodney,115,2020-5,2020-06-21,21790,12,100,11.0,-42.0166666666667,-59.4666666666667
Rodney,115,2020-5,2020-06-22,20410,12,100,11.2,-42.05,-59.45
Rodney,115,2020-5,2020-06-25,23330,12,100,10.3,-42.0833333333333,-59.4166666666667
Rodney,115,2020-5,2020-06-26,8120,12,100,10.9,-41.9166666666667,-59.4333333333333
Rodney,115,2020-5,2020-06-27,2530,12,100,10.6,-41.6166666666667,-59.5666666666667
